store_id,barcode,outcome,raw_sku,raw_name,raw_price,raw_wasPrice,raw_unitPrice,raw_priceSource,raw_promotions,raw_tprInfo,raw_available,raw_taxDetails,stored_code,stored_joinMethod,stored_pageGtin,stored_sellerSku,stored_priceCents,stored_kind,stored_wasCents,stored_isSale,stored_unitPriceCents,stored_unitPricePer,stored_unitLabel,stored_inStock,stored_storeName,stored_storeCity,stored_region,stored_seenOn
6602,00000264,absent,,,,,,,,,,,,,,,,,,,,,,,,,,
6602,0011233077394,absent,,,,,,,,,,,,,,,,,,,,,,,,,,
6602,0017600087126,absent,,,,,,,,,,,,,,,,,,,,,,,,,,
6602,0024182002133,absent,,,,,,,,,,,,,,,,,,,,,,,,,,
6602,0031146014330,absent,,,,,,,,,,,,,,,,,,,,,,,,,,
6602,0035751518276,absent,,,,,,,,,,,,,,,,,,,,,,,,,,
6602,0039978002273,written,00039978002273,"Bob's Red Mill - Oat Flour Whole Grain, Gluten Free",$11.29,,$2.21/100g,regular,,,true,[],0039978002273,gtin,00039978002273,6602:00039978002273,1129,regular,,0,221,100g,$2.21/100g,1,Airdrie East,Airdrie,Alberta,2026-10-01
6602,0041570058152,absent,,,,,,,,,,,,,,,,,,,,,,,,,,
6602,0048500020968,absent,,,,,,,,,,,,,,,,,,,,,,,,,,
6602,0055000031318,written,00055000031318,Nestle - Nesquik Chocolate Syrup - Original,$10.99,,$1.57/100ml,regular,,,true,[],0055000031318,gtin,00055000031318,6602:00055000031318,1099,regular,,0,157,100ml,$1.57/100ml,1,Airdrie East,Airdrie,Alberta,2026-10-01
6602,0055144424397,absent,,,,,,,,,,,,,,,,,,,,,,,,,,
6602,0055562142866,written,00055562142866,Bee Maid - Pure Creamed Honey - Unpasteurized,$16.99,,$1.70/100g,regular,,,true,[],0055562142866,gtin,00055562142866,6602:00055562142866,1699,regular,,0,170,100g,$1.70/100g,1,Airdrie East,Airdrie,Alberta,2026-10-01
6602,0055653172659,absent,,,,,,,,,,,,,,,,,,,,,,,,,,
6602,0055742358018,absent,,,,,,,,,,,,,,,,,,,,,,,,,,
6602,0055742525755,absent,,,,,,,,,,,,,,,,,,,,,,,,,,
6602,0055742552409,absent,,,,,,,,,,,,,,,,,,,,,,,,,,
6602,0055742562385,absent,,,,,,,,,,,,,,,,,,,,,,,,,,
6602,0055773000795,written,00055773000795,McCain - Tasti Taters,$5.49,,$0.69/100g,regular,,,true,[],0055773000795,gtin,00055773000795,6602:00055773000795,549,regular,,0,69,100g,$0.69/100g,1,Airdrie East,Airdrie,Alberta,2026-10-01
6602,0055900004016,absent,,,,,,,,,,,,,,,,,,,,,,,,,,
6602,0056412981260,absent,,,,,,,,,,,,,,,,,,,,,,,,,,
6602,0056725335118,absent,,,,,,,,,,,,,,,,,,,,,,,,,,
6602,0056920060761,absent,,,,,,,,,,,,,,,,,,,,,,,,,,
6602,0057174000886,absent,,,,,,,,,,,,,,,,,,,,,,,,,,
6602,0057690121522,absent,,,,,,,,,,,,,,,,,,,,,,,,,,
6602,0057961026822,written,00057961026822,SunRype - Slim Blueberry Burst,$4.99,,$0.37/100ml,regular,,,true,"[{""groupName"":""Ecology"",""amount"":""$0.07""},{""groupName"":""GST"",""amount"":""$0.25""},{""groupName"":""Deposit"",""amount"":""$0.25""}]",0057961026822,gtin,00057961026822,6602:00057961026822,499,regular,,0,37,100ml,$0.37/100ml,1,Airdrie East,Airdrie,Alberta,2026-10-01
6602,0058449602316,written,00058449602316,Nature's Path - Organic Multigrain Oat Bran Flakes Cereal,$11.99,,$1.32/100g,regular,,,false,[],0058449602316,gtin,00058449602316,6602:00058449602316,1199,regular,,0,132,100g,$1.32/100g,0,Airdrie East,Airdrie,Alberta,2026-10-01
6602,0058504321060,absent,,,,,,,,,,,,,,,,,,,,,,,,,,
6602,0058779144395,written,00058779144395,talenti - Roman Raspberry Sorbetto,$9.99,,$2.11/100ml,regular,,,true,"[{""groupName"":""GST"",""amount"":""$0.50""}]",0058779144395,gtin,00058779144395,6602:00058779144395,999,regular,,0,211,100ml,$2.11/100ml,1,Airdrie East,Airdrie,Alberta,2026-10-01
6602,0059119016143,absent,,,,,,,,,,,,,,,,,,,,,,,,,,
6602,0059600038081,absent,,,,,,,,,,,,,,,,,,,,,,,,,,
6602,0059749887199,absent,,,,,,,,,,,,,,,,,,,,,,,,,,
6602,0059749916332,absent,,,,,,,,,,,,,,,,,,,,,,,,,,
6602,0059749954563,absent,,,,,,,,,,,,,,,,,,,,,,,,,,
6602,0059749971744,absent,,,,,,,,,,,,,,,,,,,,,,,,,,
6602,0059749985765,absent,,,,,,,,,,,,,,,,,,,,,,,,,,
6602,0059800848565,absent,,,,,,,,,,,,,,,,,,,,,,,,,,
6602,0060383003968,absent,,,,,,,,,,,,,,,,,,,,,,,,,,
6602,0060383023591,absent,,,,,,,,,,,,,,,,,,,,,,,,,,
6602,0060383043247,absent,,,,,,,,,,,,,,,,,,,,,,,,,,
6602,0060383063924,absent,,,,,,,,,,,,,,,,,,,,,,,,,,
6602,0060383130190,absent,,,,,,,,,,,,,,,,,,,,,,,,,,
6602,0060383181635,absent,,,,,,,,,,,,,,,,,,,,,,,,,,
6602,0060383214111,absent,,,,,,,,,,,,,,,,,,,,,,,,,,
6602,0060383690564,absent,,,,,,,,,,,,,,,,,,,,,,,,,,
6602,0060383845704,absent,,,,,,,,,,,,,,,,,,,,,,,,,,
6602,0060383995751,absent,,,,,,,,,,,,,,,,,,,,,,,,,,
6602,0060410046753,written,00060410046753,Miss Vickie's - Jalapeno Potato Chips,$5.49,,$2.75/100g,regular,,,true,"[{""groupName"":""GST"",""amount"":""$0.27""}]",0060410046753,gtin,00060410046753,6602:00060410046753,549,regular,,0,275,100g,$2.75/100g,1,Airdrie East,Airdrie,Alberta,2026-10-01
6602,0060410071021,absent,,,,,,,,,,,,,,,,,,,,,,,,,,
6602,0060736007476,absent,,,,,,,,,,,,,,,,,,,,,,,,,,
6602,0061148179027,absent,,,,,,,,,,,,,,,,,,,,,,,,,,
6602,0061483001021,absent,,,,,,,,,,,,,,,,,,,,,,,,,,
6602,0061659016460,absent,,,,,,,,,,,,,,,,,,,,,,,,,,
6602,0061998079003,absent,,,,,,,,,,,,,,,,,,,,,,,,,,
6602,0062240011505,absent,,,,,,,,,,,,,,,,,,,,,,,,,,
6602,0062639172220,written,00062639172220,Western Family - Original English Muffins,$3.79,,$0.63 each,regular,,,true,[],0062639172220,gtin,00062639172220,6602:00062639172220,379,regular,,0,63,each,$0.63 each,1,Airdrie East,Airdrie,Alberta,2026-10-01
6602,0062639342067,written,00062639342067,Western Family - Signature Swiss Dark Chocolate - Caramel & Sea Salt,$4.99,,$4.99/100g,regular,,,true,"[{""groupName"":""GST"",""amount"":""$0.25""}]",0062639342067,gtin,00062639342067,6602:00062639342067,499,regular,,0,499,100g,$4.99/100g,1,Airdrie East,Airdrie,Alberta,2026-10-01
6602,0062639369309,absent,,,,,,,,,,,,,,,,,,,,,,,,,,
6602,0062942005161,absent,,,,,,,,,,,,,,,,,,,,,,,,,,
6602,0063209112738,written,00063209112738,Tim Hortons - Original Blend Coffee K-Cups,$27.49,$31.49,$0.92 each,tpr,,"{""markdown"":""$27.49"",""effectiveFrom"":""2026-09-10"",""effectiveUntil"":""2026-10-07"",""effectiveFromDate"":""2026-09-10T07:00:00Z"",""effectiveUntilDate"":""2026-10-08T04:59:00Z"",""label"":null}",true,[],0063209112738,gtin,00063209112738,6602:00063209112738,2749,promotional,3149,1,92,each,$0.92 each,1,Airdrie East,Airdrie,Alberta,2026-10-01
6602,0063348165909,written,00063348165909,Dare - Macaroon Biscuits Classic,$5.29,,$2.12/100g,regular,,,true,[],0063348165909,gtin,00063348165909,6602:00063348165909,529,regular,,0,212,100g,$2.12/100g,1,Airdrie East,Airdrie,Alberta,2026-10-01
6602,0063667125028,absent,,,,,,,,,,,,,,,,,,,,,,,,,,
6602,0064100108233,absent,,,,,,,,,,,,,,,,,,,,,,,,,,
6602,0064100778979,absent,,,,,,,,,,,,,,,,,,,,,,,,,,
6602,0064388102053,absent,,,,,,,,,,,,,,,,,,,,,,,,,,
6602,0064819327390,absent,,,,,,,,,,,,,,,,,,,,,,,,,,
6602,0065244125216,absent,,,,,,,,,,,,,,,,,,,,,,,,,,
6602,0065633158115,absent,,,,,,,,,,,,,,,,,,,,,,,,,,
6602,0065651000021,absent,,,,,,,,,,,,,,,,,,,,,,,,,,
6602,0065912000654,written,00065912000654,Rose's - Grenadine,$4.99,$6.29,$0.68/100ml,tpr,,"{""markdown"":""$4.99"",""effectiveFrom"":""2026-09-24"",""effectiveUntil"":""2026-10-14"",""effectiveFromDate"":""2026-09-24T07:00:00Z"",""effectiveUntilDate"":""2026-10-15T04:59:00Z"",""label"":null}",true,"[{""groupName"":""GST"",""amount"":""$0.25""}]",0065912000654,gtin,00065912000654,6602:00065912000654,499,promotional,629,1,68,100ml,$0.68/100ml,1,Airdrie East,Airdrie,Alberta,2026-10-01
6602,0066188040610,written,00066188040610,Kraft - Shake 'N Bake Extra Crispy Coating Mix,$5.99,,$3.94/100g,regular,,,true,[],0066188040610,gtin,00066188040610,6602:00066188040610,599,regular,,0,394,100g,$3.94/100g,1,Airdrie East,Airdrie,Alberta,2026-10-01
6602,0066613185084,absent,,,,,,,,,,,,,,,,,,,,,,,,,,
6602,0066721027566,absent,,,,,,,,,,,,,,,,,,,,,,,,,,
6602,0067123148507,absent,,,,,,,,,,,,,,,,,,,,,,,,,,
6602,0067486310245,absent,,,,,,,,,,,,,,,,,,,,,,,,,,
6602,0068062030069,written,00068062030069,Italpasta - Artisan Fusili,$3.49,,$0.78/100g,regular,,,false,[],0068062030069,gtin,00068062030069,6602:00068062030069,349,regular,,0,78,100g,$0.78/100g,0,Airdrie East,Airdrie,Alberta,2026-10-01
929,00000264,absent,,,,,,,,,,,,,,,,,,,,,,,,,,
929,0011233077394,absent,,,,,,,,,,,,,,,,,,,,,,,,,,
929,0017600087126,absent,,,,,,,,,,,,,,,,,,,,,,,,,,
929,0024182002133,absent,,,,,,,,,,,,,,,,,,,,,,,,,,
929,0031146014330,absent,,,,,,,,,,,,,,,,,,,,,,,,,,
929,0035751518276,absent,,,,,,,,,,,,,,,,,,,,,,,,,,
929,0039978002273,written,00039978002273,"Bob's Red Mill - Oat Flour Whole Grain, Gluten Free",$11.49,,$2.25/100g,regular,,,true,[],0039978002273,gtin,00039978002273,929:00039978002273,1149,regular,,0,225,100g,$2.25/100g,1,100 Mile House,100 Mile House,British Columbia,2026-10-01
929,0041570058152,absent,,,,,,,,,,,,,,,,,,,,,,,,,,
929,0048500020968,absent,,,,,,,,,,,,,,,,,,,,,,,,,,
929,0055000031318,written,00055000031318,Nestle - Nesquik Chocolate Syrup - Original,$10.99,,$1.57/100ml,regular,,,true,[],0055000031318,gtin,00055000031318,929:00055000031318,1099,regular,,0,157,100ml,$1.57/100ml,1,100 Mile House,100 Mile House,British Columbia,2026-10-01
929,0055144424397,absent,,,,,,,,,,,,,,,,,,,,,,,,,,
929,0055562142866,written,00055562142866,Bee Maid - Pure Creamed Honey - Unpasteurized,$17.29,,$1.73/100g,regular,,,true,[],0055562142866,gtin,00055562142866,929:00055562142866,1729,regular,,0,173,100g,$1.73/100g,1,100 Mile House,100 Mile House,British Columbia,2026-10-01
929,0055653172659,absent,,,,,,,,,,,,,,,,,,,,,,,,,,
929,0055742358018,absent,,,,,,,,,,,,,,,,,,,,,,,,,,
929,0055742525755,absent,,,,,,,,,,,,,,,,,,,,,,,,,,
929,0055742552409,absent,,,,,,,,,,,,,,,,,,,,,,,,,,
929,0055742562385,absent,,,,,,,,,,,,,,,,,,,,,,,,,,
929,0055773000795,written,00055773000795,McCain - Tasti Taters,$5.49,,$0.69/100g,regular,,,true,[],0055773000795,gtin,00055773000795,929:00055773000795,549,regular,,0,69,100g,$0.69/100g,1,100 Mile House,100 Mile House,British Columbia,2026-10-01
929,0055900004016,absent,,,,,,,,,,,,,,,,,,,,,,,,,,
929,0056412981260,absent,,,,,,,,,,,,,,,,,,,,,,,,,,
929,0056725335118,absent,,,,,,,,,,,,,,,,,,,,,,,,,,
929,0056920060761,absent,,,,,,,,,,,,,,,,,,,,,,,,,,
929,0057174000886,absent,,,,,,,,,,,,,,,,,,,,,,,,,,
929,0057690121522,absent,,,,,,,,,,,,,,,,,,,,,,,,,,
929,0057961026822,written,00057961026822,SunRype - Slim Blueberry Burst,$5.29,,$0.39/100ml,regular,,,true,"[{""groupName"":""Ecology"",""amount"":""$0.07""},{""groupName"":""GST"",""amount"":""$0.26""},{""groupName"":""Deposit"",""amount"":""$0.10""}]",0057961026822,gtin,00057961026822,929:00057961026822,529,regular,,0,39,100ml,$0.39/100ml,1,100 Mile House,100 Mile House,British Columbia,2026-10-01
929,0058449602316,written,00058449602316,Nature's Path - Organic Multigrain Oat Bran Flakes Cereal,$12.29,,$1.36/100g,regular,,,false,[],0058449602316,gtin,00058449602316,929:00058449602316,1229,regular,,0,136,100g,$1.36/100g,0,100 Mile House,100 Mile House,British Columbia,2026-10-01
929,0058504321060,absent,,,,,,,,,,,,,,,,,,,,,,,,,,
929,0058779144395,absent,,,,,,,,,,,,,,,,,,,,,,,,,,
929,0059119016143,absent,,,,,,,,,,,,,,,,,,,,,,,,,,
929,0059600038081,absent,,,,,,,,,,,,,,,,,,,,,,,,,,
929,0059749887199,absent,,,,,,,,,,,,,,,,,,,,,,,,,,
929,0059749916332,absent,,,,,,,,,,,,,,,,,,,,,,,,,,
929,0059749954563,absent,,,,,,,,,,,,,,,,,,,,,,,,,,
929,0059749971744,absent,,,,,,,,,,,,,,,,,,,,,,,,,,
929,0059749985765,absent,,,,,,,,,,,,,,,,,,,,,,,,,,
929,0059800848565,written,00059800848565,Nestle - Chocolate,$8.69,,$2.17 each,regular,,,true,"[{""groupName"":""GST"",""amount"":""$0.43""}]",0059800848565,gtin,00059800848565,929:00059800848565,869,regular,,0,217,each,$2.17 each,1,100 Mile House,100 Mile House,British Columbia,2026-10-01
929,0060383003968,absent,,,,,,,,,,,,,,,,,,,,,,,,,,
929,0060383023591,absent,,,,,,,,,,,,,,,,,,,,,,,,,,
929,0060383043247,absent,,,,,,,,,,,,,,,,,,,,,,,,,,
929,0060383063924,absent,,,,,,,,,,,,,,,,,,,,,,,,,,
929,0060383130190,absent,,,,,,,,,,,,,,,,,,,,,,,,,,
929,0060383181635,absent,,,,,,,,,,,,,,,,,,,,,,,,,,
929,0060383214111,absent,,,,,,,,,,,,,,,,,,,,,,,,,,
929,0060383690564,absent,,,,,,,,,,,,,,,,,,,,,,,,,,
929,0060383845704,absent,,,,,,,,,,,,,,,,,,,,,,,,,,
929,0060383995751,absent,,,,,,,,,,,,,,,,,,,,,,,,,,
929,0060410046753,written,00060410046753,Miss Vickie's - Jalapeno Potato Chips,$5.69,,$2.85/100g,regular,,,true,"[{""groupName"":""GST"",""amount"":""$0.28""}]",0060410046753,gtin,00060410046753,929:00060410046753,569,regular,,0,285,100g,$2.85/100g,1,100 Mile House,100 Mile House,British Columbia,2026-10-01
929,0060410071021,absent,,,,,,,,,,,,,,,,,,,,,,,,,,
929,0060736007476,absent,,,,,,,,,,,,,,,,,,,,,,,,,,
929,0061148179027,absent,,,,,,,,,,,,,,,,,,,,,,,,,,
929,0061483001021,absent,,,,,,,,,,,,,,,,,,,,,,,,,,
929,0061659016460,absent,,,,,,,,,,,,,,,,,,,,,,,,,,
929,0061998079003,absent,,,,,,,,,,,,,,,,,,,,,,,,,,
929,0062240011505,absent,,,,,,,,,,,,,,,,,,,,,,,,,,
929,0062639172220,written,00062639172220,Western Family - Original English Muffins,$3.79,,$0.63 each,regular,,,true,[],0062639172220,gtin,00062639172220,929:00062639172220,379,regular,,0,63,each,$0.63 each,1,100 Mile House,100 Mile House,British Columbia,2026-10-01
929,0062639342067,written,00062639342067,Western Family - Signature Swiss Dark Chocolate - Caramel & Sea Salt,$4.99,,$4.99/100g,regular,,,true,"[{""groupName"":""GST"",""amount"":""$0.25""}]",0062639342067,gtin,00062639342067,929:00062639342067,499,regular,,0,499,100g,$4.99/100g,1,100 Mile House,100 Mile House,British Columbia,2026-10-01
929,0062639369309,written,00062639369309,ONLY GOODNESS - Organic Plain Yogurt,$13.99,,$0.80/100g,regular,,,true,[],0062639369309,gtin,00062639369309,929:00062639369309,1399,regular,,0,80,100g,$0.80/100g,1,100 Mile House,100 Mile House,British Columbia,2026-10-01
929,0062942005161,absent,,,,,,,,,,,,,,,,,,,,,,,,,,
929,0063209112738,written,00063209112738,Tim Hortons - Original Blend Coffee K-Cups,$28.99,$31.99,$0.97 each,tpr,,"{""markdown"":""$28.99"",""effectiveFrom"":""2026-09-10"",""effectiveUntil"":""2026-10-07"",""effectiveFromDate"":""2026-09-10T07:00:00Z"",""effectiveUntilDate"":""2026-10-08T04:59:00Z"",""label"":null}",true,[],0063209112738,gtin,00063209112738,929:00063209112738,2899,promotional,3199,1,97,each,$0.97 each,1,100 Mile House,100 Mile House,British Columbia,2026-10-01
929,0063348165909,absent,,,,,,,,,,,,,,,,,,,,,,,,,,
929,0063667125028,absent,,,,,,,,,,,,,,,,,,,,,,,,,,
929,0064100108233,absent,,,,,,,,,,,,,,,,,,,,,,,,,,
929,0064100778979,absent,,,,,,,,,,,,,,,,,,,,,,,,,,
929,0064388102053,absent,,,,,,,,,,,,,,,,,,,,,,,,,,
929,0064819327390,absent,,,,,,,,,,,,,,,,,,,,,,,,,,
929,0065244125216,absent,,,,,,,,,,,,,,,,,,,,,,,,,,
929,0065633158115,absent,,,,,,,,,,,,,,,,,,,,,,,,,,
929,0065651000021,absent,,,,,,,,,,,,,,,,,,,,,,,,,,
929,0065912000654,written,00065912000654,Rose's - Grenadine,$4.99,$6.39,$0.68/100ml,tpr,,"{""markdown"":""$4.99"",""effectiveFrom"":""2026-09-24"",""effectiveUntil"":""2026-10-14"",""effectiveFromDate"":""2026-09-24T07:00:00Z"",""effectiveUntilDate"":""2026-10-15T04:59:00Z"",""label"":null}",true,"[{""groupName"":""GST"",""amount"":""$0.25""}]",0065912000654,gtin,00065912000654,929:00065912000654,499,promotional,639,1,68,100ml,$0.68/100ml,1,100 Mile House,100 Mile House,British Columbia,2026-10-01
929,0066188040610,written,00066188040610,Kraft - Shake 'N Bake Extra Crispy Coating Mix,$5.99,,$3.94/100g,regular,,,true,[],0066188040610,gtin,00066188040610,929:00066188040610,599,regular,,0,394,100g,$3.94/100g,1,100 Mile House,100 Mile House,British Columbia,2026-10-01
929,0066613185084,absent,,,,,,,,,,,,,,,,,,,,,,,,,,
929,0066721027566,absent,,,,,,,,,,,,,,,,,,,,,,,,,,
929,0067123148507,absent,,,,,,,,,,,,,,,,,,,,,,,,,,
929,0067486310245,absent,,,,,,,,,,,,,,,,,,,,,,,,,,
929,0068062030069,written,00068062030069,Italpasta - Artisan Fusili,$3.49,,$0.78/100g,regular,,,false,[],0068062030069,gtin,00068062030069,929:00068062030069,349,regular,,0,78,100g,$0.78/100g,0,100 Mile House,100 Mile House,British Columbia,2026-10-01
4405,00000264,absent,,,,,,,,,,,,,,,,,,,,,,,,,,
4405,0011233077394,absent,,,,,,,,,,,,,,,,,,,,,,,,,,
4405,0017600087126,absent,,,,,,,,,,,,,,,,,,,,,,,,,,
4405,0024182002133,absent,,,,,,,,,,,,,,,,,,,,,,,,,,
4405,0031146014330,absent,,,,,,,,,,,,,,,,,,,,,,,,,,
4405,0035751518276,absent,,,,,,,,,,,,,,,,,,,,,,,,,,
4405,0039978002273,written,00039978002273,"Bob's Red Mill - Oat Flour Whole Grain, Gluten Free",$10.99,,$2.15/100g,regular,,,true,[],0039978002273,gtin,00039978002273,4405:00039978002273,1099,regular,,0,215,100g,$2.15/100g,1,Bridgwater,Winnipeg,Manitoba,2026-10-01
4405,0041570058152,absent,,,,,,,,,,,,,,,,,,,,,,,,,,
4405,0048500020968,absent,,,,,,,,,,,,,,,,,,,,,,,,,,
4405,0055000031318,written,00055000031318,Nestle - Nesquik Chocolate Syrup - Original,$10.79,,$1.54/100ml,regular,,,true,[],0055000031318,gtin,00055000031318,4405:00055000031318,1079,regular,,0,154,100ml,$1.54/100ml,1,Bridgwater,Winnipeg,Manitoba,2026-10-01
4405,0055144424397,absent,,,,,,,,,,,,,,,,,,,,,,,,,,
4405,0055562142866,written,00055562142866,Bee Maid - Pure Creamed Honey - Unpasteurized,$16.99,,$1.70/100g,regular,,,true,[],0055562142866,gtin,00055562142866,4405:00055562142866,1699,regular,,0,170,100g,$1.70/100g,1,Bridgwater,Winnipeg,Manitoba,2026-10-01
4405,0055653172659,absent,,,,,,,,,,,,,,,,,,,,,,,,,,
4405,0055742358018,absent,,,,,,,,,,,,,,,,,,,,,,,,,,
4405,0055742525755,absent,,,,,,,,,,,,,,,,,,,,,,,,,,
4405,0055742552409,absent,,,,,,,,,,,,,,,,,,,,,,,,,,
4405,0055742562385,absent,,,,,,,,,,,,,,,,,,,,,,,,,,
4405,0055773000795,written,00055773000795,McCain - Tasti Taters,$5.49,,$0.69/100g,regular,,,true,[],0055773000795,gtin,00055773000795,4405:00055773000795,549,regular,,0,69,100g,$0.69/100g,1,Bridgwater,Winnipeg,Manitoba,2026-10-01
4405,0055900004016,absent,,,,,,,,,,,,,,,,,,,,,,,,,,
4405,0056412981260,absent,,,,,,,,,,,,,,,,,,,,,,,,,,
4405,0056725335118,absent,,,,,,,,,,,,,,,,,,,,,,,,,,
4405,0056920060761,absent,,,,,,,,,,,,,,,,,,,,,,,,,,
4405,0057174000886,absent,,,,,,,,,,,,,,,,,,,,,,,,,,
4405,0057690121522,absent,,,,,,,,,,,,,,,,,,,,,,,,,,
4405,0057961026822,written,00057961026822,SunRype - Slim Blueberry Burst,$4.99,,$0.37/100ml,regular,,,true,[],0057961026822,gtin,00057961026822,4405:00057961026822,499,regular,,0,37,100ml,$0.37/100ml,1,Bridgwater,Winnipeg,Manitoba,2026-10-01
4405,0058449602316,written,00058449602316,Nature's Path - Organic Multigrain Oat Bran Flakes Cereal,$11.99,,$1.32/100g,regular,,,false,[],0058449602316,gtin,00058449602316,4405:00058449602316,1199,regular,,0,132,100g,$1.32/100g,0,Bridgwater,Winnipeg,Manitoba,2026-10-01
4405,0058504321060,absent,,,,,,,,,,,,,,,,,,,,,,,,,,
4405,0058779144395,written,00058779144395,talenti - Roman Raspberry Sorbetto,$9.99,,$2.11/100ml,regular,,,true,[],0058779144395,gtin,00058779144395,4405:00058779144395,999,regular,,0,211,100ml,$2.11/100ml,1,Bridgwater,Winnipeg,Manitoba,2026-10-01
4405,0059119016143,absent,,,,,,,,,,,,,,,,,,,,,,,,,,
4405,0059600038081,absent,,,,,,,,,,,,,,,,,,,,,,,,,,
4405,0059749887199,absent,,,,,,,,,,,,,,,,,,,,,,,,,,
4405,0059749916332,absent,,,,,,,,,,,,,,,,,,,,,,,,,,
4405,0059749954563,absent,,,,,,,,,,,,,,,,,,,,,,,,,,
4405,0059749971744,absent,,,,,,,,,,,,,,,,,,,,,,,,,,
4405,0059749985765,absent,,,,,,,,,,,,,,,,,,,,,,,,,,
4405,0059800848565,absent,,,,,,,,,,,,,,,,,,,,,,,,,,
4405,0060383003968,absent,,,,,,,,,,,,,,,,,,,,,,,,,,
4405,0060383023591,absent,,,,,,,,,,,,,,,,,,,,,,,,,,
4405,0060383043247,absent,,,,,,,,,,,,,,,,,,,,,,,,,,
4405,0060383063924,absent,,,,,,,,,,,,,,,,,,,,,,,,,,
4405,0060383130190,absent,,,,,,,,,,,,,,,,,,,,,,,,,,
4405,0060383181635,absent,,,,,,,,,,,,,,,,,,,,,,,,,,
4405,0060383214111,absent,,,,,,,,,,,,,,,,,,,,,,,,,,
4405,0060383690564,absent,,,,,,,,,,,,,,,,,,,,,,,,,,
4405,0060383845704,absent,,,,,,,,,,,,,,,,,,,,,,,,,,
4405,0060383995751,absent,,,,,,,,,,,,,,,,,,,,,,,,,,
4405,0060410046753,written,00060410046753,Miss Vickie's - Jalapeno Potato Chips,$5.49,,$2.75/100g,regular,,,true,[],0060410046753,gtin,00060410046753,4405:00060410046753,549,regular,,0,275,100g,$2.75/100g,1,Bridgwater,Winnipeg,Manitoba,2026-10-01
4405,0060410071021,absent,,,,,,,,,,,,,,,,,,,,,,,,,,
4405,0060736007476,absent,,,,,,,,,,,,,,,,,,,,,,,,,,
4405,0061148179027,absent,,,,,,,,,,,,,,,,,,,,,,,,,,
4405,0061483001021,absent,,,,,,,,,,,,,,,,,,,,,,,,,,
4405,0061659016460,absent,,,,,,,,,,,,,,,,,,,,,,,,,,
4405,0061998079003,absent,,,,,,,,,,,,,,,,,,,,,,,,,,
4405,0062240011505,absent,,,,,,,,,,,,,,,,,,,,,,,,,,
4405,0062639172220,written,00062639172220,Western Family - Original English Muffins,$3.69,,$0.62 each,regular,,,true,[],0062639172220,gtin,00062639172220,4405:00062639172220,369,regular,,0,62,each,$0.62 each,1,Bridgwater,Winnipeg,Manitoba,2026-10-01
4405,0062639342067,written,00062639342067,Western Family - Signature Swiss Dark Chocolate - Caramel & Sea Salt,$4.99,,$4.99/100g,regular,,,true,[],0062639342067,gtin,00062639342067,4405:00062639342067,499,regular,,0,499,100g,$4.99/100g,1,Bridgwater,Winnipeg,Manitoba,2026-10-01
4405,0062639369309,written,00062639369309,ONLY GOODNESS - Organic Plain Yogurt,$13.79,,$0.79/100g,regular,,,true,[],0062639369309,gtin,00062639369309,4405:00062639369309,1379,regular,,0,79,100g,$0.79/100g,1,Bridgwater,Winnipeg,Manitoba,2026-10-01
4405,0062942005161,absent,,,,,,,,,,,,,,,,,,,,,,,,,,
4405,0063209112738,written,00063209112738,Tim Hortons - Original Blend Coffee K-Cups,$28.99,$30.99,$0.97 each,tpr,,"{""markdown"":""$28.99"",""effectiveFrom"":""2026-09-10"",""effectiveUntil"":""2026-10-07"",""effectiveFromDate"":""2026-09-10T07:00:00Z"",""effectiveUntilDate"":""2026-10-08T04:59:00Z"",""label"":null}",true,[],0063209112738,gtin,00063209112738,4405:00063209112738,2899,promotional,3099,1,97,each,$0.97 each,1,Bridgwater,Winnipeg,Manitoba,2026-10-01
4405,0063348165909,written,00063348165909,Dare - Macaroon Biscuits Classic,$5.29,,$2.12/100g,regular,,,true,[],0063348165909,gtin,00063348165909,4405:00063348165909,529,regular,,0,212,100g,$2.12/100g,1,Bridgwater,Winnipeg,Manitoba,2026-10-01
4405,0063667125028,absent,,,,,,,,,,,,,,,,,,,,,,,,,,
4405,0064100108233,absent,,,,,,,,,,,,,,,,,,,,,,,,,,
4405,0064100778979,absent,,,,,,,,,,,,,,,,,,,,,,,,,,
4405,0064388102053,absent,,,,,,,,,,,,,,,,,,,,,,,,,,
4405,0064819327390,absent,,,,,,,,,,,,,,,,,,,,,,,,,,
4405,0065244125216,absent,,,,,,,,,,,,,,,,,,,,,,,,,,
4405,0065633158115,absent,,,,,,,,,,,,,,,,,,,,,,,,,,
4405,0065651000021,absent,,,,,,,,,,,,,,,,,,,,,,,,,,
4405,0065912000654,written,00065912000654,Rose's - Grenadine,$4.99,$6.29,$0.68/100ml,tpr,,"{""markdown"":""$4.99"",""effectiveFrom"":""2026-09-24"",""effectiveUntil"":""2026-10-14"",""effectiveFromDate"":""2026-09-24T07:00:00Z"",""effectiveUntilDate"":""2026-10-15T04:59:00Z"",""label"":null}",true,"[{""groupName"":""GST"",""amount"":""$0.25""}]",0065912000654,gtin,00065912000654,4405:00065912000654,499,promotional,629,1,68,100ml,$0.68/100ml,1,Bridgwater,Winnipeg,Manitoba,2026-10-01
4405,0066188040610,absent,,,,,,,,,,,,,,,,,,,,,,,,,,
4405,0066613185084,absent,,,,,,,,,,,,,,,,,,,,,,,,,,
4405,0066721027566,absent,,,,,,,,,,,,,,,,,,,,,,,,,,
4405,0067123148507,absent,,,,,,,,,,,,,,,,,,,,,,,,,,
4405,0067486310245,absent,,,,,,,,,,,,,,,,,,,,,,,,,,
4405,0068062030069,written,00068062030069,Italpasta - Artisan Fusili,$3.49,,$0.78/100g,regular,,,false,[],0068062030069,gtin,00068062030069,4405:00068062030069,349,regular,,0,78,100g,$0.78/100g,0,Bridgwater,Winnipeg,Manitoba,2026-10-01
5561,00000264,absent,,,,,,,,,,,,,,,,,,,,,,,,,,
5561,0011233077394,absent,,,,,,,,,,,,,,,,,,,,,,,,,,
5561,0017600087126,absent,,,,,,,,,,,,,,,,,,,,,,,,,,
5561,0024182002133,absent,,,,,,,,,,,,,,,,,,,,,,,,,,
5561,0031146014330,absent,,,,,,,,,,,,,,,,,,,,,,,,,,
5561,0035751518276,absent,,,,,,,,,,,,,,,,,,,,,,,,,,
5561,0039978002273,written,00039978002273,"Bob's Red Mill - Oat Flour Whole Grain, Gluten Free",$10.99,,$2.15/100g,regular,,,true,[],0039978002273,gtin,00039978002273,5561:00039978002273,1099,regular,,0,215,100g,$2.15/100g,1,Kindersley,Kindersley,Saskatchewan,2026-10-01
5561,0041570058152,absent,,,,,,,,,,,,,,,,,,,,,,,,,,
5561,0048500020968,absent,,,,,,,,,,,,,,,,,,,,,,,,,,
5561,0055000031318,written,00055000031318,Nestle - Nesquik Chocolate Syrup - Original,$10.99,,$1.57/100ml,regular,,,true,[],0055000031318,gtin,00055000031318,5561:00055000031318,1099,regular,,0,157,100ml,$1.57/100ml,1,Kindersley,Kindersley,Saskatchewan,2026-10-01
5561,0055144424397,absent,,,,,,,,,,,,,,,,,,,,,,,,,,
5561,0055562142866,written,00055562142866,Bee Maid - Pure Creamed Honey - Unpasteurized,$16.99,,$1.70/100g,regular,,,true,[],0055562142866,gtin,00055562142866,5561:00055562142866,1699,regular,,0,170,100g,$1.70/100g,1,Kindersley,Kindersley,Saskatchewan,2026-10-01
5561,0055653172659,absent,,,,,,,,,,,,,,,,,,,,,,,,,,
5561,0055742358018,absent,,,,,,,,,,,,,,,,,,,,,,,,,,
5561,0055742525755,absent,,,,,,,,,,,,,,,,,,,,,,,,,,
5561,0055742552409,absent,,,,,,,,,,,,,,,,,,,,,,,,,,
5561,0055742562385,absent,,,,,,,,,,,,,,,,,,,,,,,,,,
5561,0055773000795,written,00055773000795,McCain - Tasti Taters,$5.49,,$0.69/100g,regular,,,true,[],0055773000795,gtin,00055773000795,5561:00055773000795,549,regular,,0,69,100g,$0.69/100g,1,Kindersley,Kindersley,Saskatchewan,2026-10-01
5561,0055900004016,absent,,,,,,,,,,,,,,,,,,,,,,,,,,
5561,0056412981260,absent,,,,,,,,,,,,,,,,,,,,,,,,,,
5561,0056725335118,absent,,,,,,,,,,,,,,,,,,,,,,,,,,
5561,0056920060761,absent,,,,,,,,,,,,,,,,,,,,,,,,,,
5561,0057174000886,absent,,,,,,,,,,,,,,,,,,,,,,,,,,
5561,0057690121522,absent,,,,,,,,,,,,,,,,,,,,,,,,,,
5561,0057961026822,written,00057961026822,SunRype - Slim Blueberry Burst,$4.99,,$0.37/100ml,regular,,,true,"[{""groupName"":""Ecology"",""amount"":""$0.08""},{""groupName"":""GST"",""amount"":""$0.25""},{""groupName"":""PST"",""amount"":""$0.30""},{""groupName"":""Deposit"",""amount"":""$0.25""}]",0057961026822,gtin,00057961026822,5561:00057961026822,499,regular,,0,37,100ml,$0.37/100ml,1,Kindersley,Kindersley,Saskatchewan,2026-10-01
5561,0058449602316,written,00058449602316,Nature's Path - Organic Multigrain Oat Bran Flakes Cereal,$11.99,,$1.32/100g,regular,,,false,[],0058449602316,gtin,00058449602316,5561:00058449602316,1199,regular,,0,132,100g,$1.32/100g,0,Kindersley,Kindersley,Saskatchewan,2026-10-01
5561,0058504321060,absent,,,,,,,,,,,,,,,,,,,,,,,,,,
5561,0058779144395,absent,,,,,,,,,,,,,,,,,,,,,,,,,,
5561,0059119016143,absent,,,,,,,,,,,,,,,,,,,,,,,,,,
5561,0059600038081,absent,,,,,,,,,,,,,,,,,,,,,,,,,,
5561,0059749887199,absent,,,,,,,,,,,,,,,,,,,,,,,,,,
5561,0059749916332,absent,,,,,,,,,,,,,,,,,,,,,,,,,,
5561,0059749954563,absent,,,,,,,,,,,,,,,,,,,,,,,,,,
5561,0059749971744,absent,,,,,,,,,,,,,,,,,,,,,,,,,,
5561,0059749985765,absent,,,,,,,,,,,,,,,,,,,,,,,,,,
5561,0059800848565,absent,,,,,,,,,,,,,,,,,,,,,,,,,,
5561,0060383003968,absent,,,,,,,,,,,,,,,,,,,,,,,,,,
5561,0060383023591,absent,,,,,,,,,,,,,,,,,,,,,,,,,,
5561,0060383043247,absent,,,,,,,,,,,,,,,,,,,,,,,,,,
5561,0060383063924,absent,,,,,,,,,,,,,,,,,,,,,,,,,,
5561,0060383130190,absent,,,,,,,,,,,,,,,,,,,,,,,,,,
5561,0060383181635,absent,,,,,,,,,,,,,,,,,,,,,,,,,,
5561,0060383214111,absent,,,,,,,,,,,,,,,,,,,,,,,,,,
5561,0060383690564,absent,,,,,,,,,,,,,,,,,,,,,,,,,,
5561,0060383845704,absent,,,,,,,,,,,,,,,,,,,,,,,,,,
5561,0060383995751,absent,,,,,,,,,,,,,,,,,,,,,,,,,,
5561,0060410046753,written,00060410046753,Miss Vickie's - Jalapeno Potato Chips,$5.49,,$2.75/100g,regular,,,true,"[{""groupName"":""GST"",""amount"":""$0.27""},{""groupName"":""PST"",""amount"":""$0.33""}]",0060410046753,gtin,00060410046753,5561:00060410046753,549,regular,,0,275,100g,$2.75/100g,1,Kindersley,Kindersley,Saskatchewan,2026-10-01
5561,0060410071021,absent,,,,,,,,,,,,,,,,,,,,,,,,,,
5561,0060736007476,absent,,,,,,,,,,,,,,,,,,,,,,,,,,
5561,0061148179027,absent,,,,,,,,,,,,,,,,,,,,,,,,,,
5561,0061483001021,absent,,,,,,,,,,,,,,,,,,,,,,,,,,
5561,0061659016460,absent,,,,,,,,,,,,,,,,,,,,,,,,,,
5561,0061998079003,absent,,,,,,,,,,,,,,,,,,,,,,,,,,
5561,0062240011505,absent,,,,,,,,,,,,,,,,,,,,,,,,,,
5561,0062639172220,written,00062639172220,Western Family - Original English Muffins,$3.69,,$0.62 each,regular,,,true,[],0062639172220,gtin,00062639172220,5561:00062639172220,369,regular,,0,62,each,$0.62 each,1,Kindersley,Kindersley,Saskatchewan,2026-10-01
5561,0062639342067,written,00062639342067,Western Family - Signature Swiss Dark Chocolate - Caramel & Sea Salt,$4.99,,$4.99/100g,regular,,,true,"[{""groupName"":""PST"",""amount"":""$0.30""},{""groupName"":""GST"",""amount"":""$0.25""}]",0062639342067,gtin,00062639342067,5561:00062639342067,499,regular,,0,499,100g,$4.99/100g,1,Kindersley,Kindersley,Saskatchewan,2026-10-01
5561,0062639369309,written,00062639369309,ONLY GOODNESS - Organic Plain Yogurt,$13.79,,$0.79/100g,regular,,,true,[],0062639369309,gtin,00062639369309,5561:00062639369309,1379,regular,,0,79,100g,$0.79/100g,1,Kindersley,Kindersley,Saskatchewan,2026-10-01
5561,0062942005161,absent,,,,,,,,,,,,,,,,,,,,,,,,,,
5561,0063209112738,written,00063209112738,Tim Hortons - Original Blend Coffee K-Cups,$28.99,$30.99,$0.97 each,tpr,,"{""markdown"":""$28.99"",""effectiveFrom"":""2026-09-10"",""effectiveUntil"":""2026-10-07"",""effectiveFromDate"":""2026-09-10T07:00:00Z"",""effectiveUntilDate"":""2026-10-08T04:59:00Z"",""label"":null}",true,[],0063209112738,gtin,00063209112738,5561:00063209112738,2899,promotional,3099,1,97,each,$0.97 each,1,Kindersley,Kindersley,Saskatchewan,2026-10-01
5561,0063348165909,absent,,,,,,,,,,,,,,,,,,,,,,,,,,
5561,0063667125028,absent,,,,,,,,,,,,,,,,,,,,,,,,,,
5561,0064100108233,absent,,,,,,,,,,,,,,,,,,,,,,,,,,
5561,0064100778979,absent,,,,,,,,,,,,,,,,,,,,,,,,,,
5561,0064388102053,absent,,,,,,,,,,,,,,,,,,,,,,,,,,
5561,0064819327390,absent,,,,,,,,,,,,,,,,,,,,,,,,,,
5561,0065244125216,absent,,,,,,,,,,,,,,,,,,,,,,,,,,
5561,0065633158115,absent,,,,,,,,,,,,,,,,,,,,,,,,,,
5561,0065651000021,absent,,,,,,,,,,,,,,,,,,,,,,,,,,
5561,0065912000654,written,00065912000654,Rose's - Grenadine,$4.99,$6.29,$0.68/100ml,tpr,,"{""markdown"":""$4.99"",""effectiveFrom"":""2026-09-24"",""effectiveUntil"":""2026-10-14"",""effectiveFromDate"":""2026-09-24T07:00:00Z"",""effectiveUntilDate"":""2026-10-15T04:59:00Z"",""label"":null}",true,"[{""groupName"":""GST"",""amount"":""$0.25""},{""groupName"":""PST"",""amount"":""$0.30""}]",0065912000654,gtin,00065912000654,5561:00065912000654,499,promotional,629,1,68,100ml,$0.68/100ml,1,Kindersley,Kindersley,Saskatchewan,2026-10-01
5561,0066188040610,written,00066188040610,Kraft - Shake 'N Bake Extra Crispy Coating Mix,$5.99,,$3.94/100g,regular,,,true,[],0066188040610,gtin,00066188040610,5561:00066188040610,599,regular,,0,394,100g,$3.94/100g,1,Kindersley,Kindersley,Saskatchewan,2026-10-01
5561,0066613185084,absent,,,,,,,,,,,,,,,,,,,,,,,,,,
5561,0066721027566,absent,,,,,,,,,,,,,,,,,,,,,,,,,,
5561,0067123148507,absent,,,,,,,,,,,,,,,,,,,,,,,,,,
5561,0067486310245,absent,,,,,,,,,,,,,,,,,,,,,,,,,,
5561,0068062030069,written,00068062030069,Italpasta - Artisan Fusili,$3.49,,$0.78/100g,regular,,,false,[],0068062030069,gtin,00068062030069,5561:00068062030069,349,regular,,0,78,100g,$0.78/100g,0,Kindersley,Kindersley,Saskatchewan,2026-10-01
6690,00000264,absent,,,,,,,,,,,,,,,,,,,,,,,,,,
6690,0011233077394,absent,,,,,,,,,,,,,,,,,,,,,,,,,,
6690,0017600087126,absent,,,,,,,,,,,,,,,,,,,,,,,,,,
6690,0024182002133,absent,,,,,,,,,,,,,,,,,,,,,,,,,,
6690,0031146014330,absent,,,,,,,,,,,,,,,,,,,,,,,,,,
6690,0035751518276,absent,,,,,,,,,,,,,,,,,,,,,,,,,,
6690,0039978002273,written,00039978002273,"Bob's Red Mill - Oat Flour Whole Grain, Gluten Free",$11.29,,$2.21/100g,regular,,,true,[],0039978002273,gtin,00039978002273,6690:00039978002273,1129,regular,,0,221,100g,$2.21/100g,1,Whitehorse,Whitehorse,Yukon Territories,2026-10-01
6690,0041570058152,absent,,,,,,,,,,,,,,,,,,,,,,,,,,
6690,0048500020968,absent,,,,,,,,,,,,,,,,,,,,,,,,,,
6690,0055000031318,written,00055000031318,Nestle - Nesquik Chocolate Syrup - Original,$10.99,,$1.57/100ml,regular,,,true,[],0055000031318,gtin,00055000031318,6690:00055000031318,1099,regular,,0,157,100ml,$1.57/100ml,1,Whitehorse,Whitehorse,Yukon Territories,2026-10-01
6690,0055144424397,absent,,,,,,,,,,,,,,,,,,,,,,,,,,
6690,0055562142866,written,00055562142866,Bee Maid - Pure Creamed Honey - Unpasteurized,$17.29,,$1.73/100g,regular,,,true,[],0055562142866,gtin,00055562142866,6690:00055562142866,1729,regular,,0,173,100g,$1.73/100g,1,Whitehorse,Whitehorse,Yukon Territories,2026-10-01
6690,0055653172659,absent,,,,,,,,,,,,,,,,,,,,,,,,,,
6690,0055742358018,absent,,,,,,,,,,,,,,,,,,,,,,,,,,
6690,0055742525755,absent,,,,,,,,,,,,,,,,,,,,,,,,,,
6690,0055742552409,absent,,,,,,,,,,,,,,,,,,,,,,,,,,
6690,0055742562385,absent,,,,,,,,,,,,,,,,,,,,,,,,,,
6690,0055773000795,written,00055773000795,McCain - Tasti Taters,$5.49,,$0.69/100g,regular,,,true,[],0055773000795,gtin,00055773000795,6690:00055773000795,549,regular,,0,69,100g,$0.69/100g,1,Whitehorse,Whitehorse,Yukon Territories,2026-10-01
6690,0055900004016,absent,,,,,,,,,,,,,,,,,,,,,,,,,,
6690,0056412981260,absent,,,,,,,,,,,,,,,,,,,,,,,,,,
6690,0056725335118,absent,,,,,,,,,,,,,,,,,,,,,,,,,,
6690,0056920060761,absent,,,,,,,,,,,,,,,,,,,,,,,,,,
6690,0057174000886,absent,,,,,,,,,,,,,,,,,,,,,,,,,,
6690,0057690121522,absent,,,,,,,,,,,,,,,,,,,,,,,,,,
6690,0057961026822,written,00057961026822,SunRype - Slim Blueberry Burst,$4.99,,$0.37/100ml,regular,,,true,"[{""groupName"":""GST"",""amount"":""$0.25""}]",0057961026822,gtin,00057961026822,6690:00057961026822,499,regular,,0,37,100ml,$0.37/100ml,1,Whitehorse,Whitehorse,Yukon Territories,2026-10-01
6690,0058449602316,written,00058449602316,Nature's Path - Organic Multigrain Oat Bran Flakes Cereal,$12.29,,$1.36/100g,regular,,,false,[],0058449602316,gtin,00058449602316,6690:00058449602316,1229,regular,,0,136,100g,$1.36/100g,0,Whitehorse,Whitehorse,Yukon Territories,2026-10-01
6690,0058504321060,absent,,,,,,,,,,,,,,,,,,,,,,,,,,
6690,0058779144395,written,00058779144395,talenti - Roman Raspberry Sorbetto,$9.99,,$2.11/100ml,regular,,,true,"[{""groupName"":""GST"",""amount"":""$0.50""}]",0058779144395,gtin,00058779144395,6690:00058779144395,999,regular,,0,211,100ml,$2.11/100ml,1,Whitehorse,Whitehorse,Yukon Territories,2026-10-01
6690,0059119016143,absent,,,,,,,,,,,,,,,,,,,,,,,,,,
6690,0059600038081,absent,,,,,,,,,,,,,,,,,,,,,,,,,,
6690,0059749887199,absent,,,,,,,,,,,,,,,,,,,,,,,,,,
6690,0059749916332,absent,,,,,,,,,,,,,,,,,,,,,,,,,,
6690,0059749954563,absent,,,,,,,,,,,,,,,,,,,,,,,,,,
6690,0059749971744,absent,,,,,,,,,,,,,,,,,,,,,,,,,,
6690,0059749985765,absent,,,,,,,,,,,,,,,,,,,,,,,,,,
6690,0059800848565,written,00059800848565,Nestle - Chocolate,$8.69,,$2.17 each,regular,,,true,"[{""groupName"":""GST"",""amount"":""$0.43""}]",0059800848565,gtin,00059800848565,6690:00059800848565,869,regular,,0,217,each,$2.17 each,1,Whitehorse,Whitehorse,Yukon Territories,2026-10-01
6690,0060383003968,absent,,,,,,,,,,,,,,,,,,,,,,,,,,
6690,0060383023591,absent,,,,,,,,,,,,,,,,,,,,,,,,,,
6690,0060383043247,absent,,,,,,,,,,,,,,,,,,,,,,,,,,
6690,0060383063924,absent,,,,,,,,,,,,,,,,,,,,,,,,,,
6690,0060383130190,absent,,,,,,,,,,,,,,,,,,,,,,,,,,
6690,0060383181635,absent,,,,,,,,,,,,,,,,,,,,,,,,,,
6690,0060383214111,absent,,,,,,,,,,,,,,,,,,,,,,,,,,
6690,0060383690564,absent,,,,,,,,,,,,,,,,,,,,,,,,,,
6690,0060383845704,absent,,,,,,,,,,,,,,,,,,,,,,,,,,
6690,0060383995751,absent,,,,,,,,,,,,,,,,,,,,,,,,,,
6690,0060410046753,written,00060410046753,Miss Vickie's - Jalapeno Potato Chips,$5.69,,$2.85/100g,regular,,,true,"[{""groupName"":""GST"",""amount"":""$0.28""}]",0060410046753,gtin,00060410046753,6690:00060410046753,569,regular,,0,285,100g,$2.85/100g,1,Whitehorse,Whitehorse,Yukon Territories,2026-10-01
6690,0060410071021,absent,,,,,,,,,,,,,,,,,,,,,,,,,,
6690,0060736007476,absent,,,,,,,,,,,,,,,,,,,,,,,,,,
6690,0061148179027,absent,,,,,,,,,,,,,,,,,,,,,,,,,,
6690,0061483001021,absent,,,,,,,,,,,,,,,,,,,,,,,,,,
6690,0061659016460,absent,,,,,,,,,,,,,,,,,,,,,,,,,,
6690,0061998079003,absent,,,,,,,,,,,,,,,,,,,,,,,,,,
6690,0062240011505,absent,,,,,,,,,,,,,,,,,,,,,,,,,,
6690,0062639172220,written,00062639172220,Western Family - Original English Muffins,$3.79,,$0.63 each,regular,,,true,[],0062639172220,gtin,00062639172220,6690:00062639172220,379,regular,,0,63,each,$0.63 each,1,Whitehorse,Whitehorse,Yukon Territories,2026-10-01
6690,0062639342067,written,00062639342067,Western Family - Signature Swiss Dark Chocolate - Caramel & Sea Salt,$4.99,,$4.99/100g,regular,,,true,"[{""groupName"":""GST"",""amount"":""$0.25""}]",0062639342067,gtin,00062639342067,6690:00062639342067,499,regular,,0,499,100g,$4.99/100g,1,Whitehorse,Whitehorse,Yukon Territories,2026-10-01
6690,0062639369309,written,00062639369309,ONLY GOODNESS - Organic Plain Yogurt,$13.99,,$0.80/100g,regular,,,true,[],0062639369309,gtin,00062639369309,6690:00062639369309,1399,regular,,0,80,100g,$0.80/100g,1,Whitehorse,Whitehorse,Yukon Territories,2026-10-01
6690,0062942005161,absent,,,,,,,,,,,,,,,,,,,,,,,,,,
6690,0063209112738,written,00063209112738,Tim Hortons - Original Blend Coffee K-Cups,$28.99,$31.99,$0.97 each,tpr,,"{""markdown"":""$28.99"",""effectiveFrom"":""2026-09-10"",""effectiveUntil"":""2026-10-07"",""effectiveFromDate"":""2026-09-10T07:00:00Z"",""effectiveUntilDate"":""2026-10-08T04:59:00Z"",""label"":null}",true,[],0063209112738,gtin,00063209112738,6690:00063209112738,2899,promotional,3199,1,97,each,$0.97 each,1,Whitehorse,Whitehorse,Yukon Territories,2026-10-01
6690,0063348165909,written,00063348165909,Dare - Macaroon Biscuits Classic,$5.29,,$2.12/100g,regular,,,true,[],0063348165909,gtin,00063348165909,6690:00063348165909,529,regular,,0,212,100g,$2.12/100g,1,Whitehorse,Whitehorse,Yukon Territories,2026-10-01
6690,0063667125028,absent,,,,,,,,,,,,,,,,,,,,,,,,,,
6690,0064100108233,absent,,,,,,,,,,,,,,,,,,,,,,,,,,
6690,0064100778979,absent,,,,,,,,,,,,,,,,,,,,,,,,,,
6690,0064388102053,absent,,,,,,,,,,,,,,,,,,,,,,,,,,
6690,0064819327390,absent,,,,,,,,,,,,,,,,,,,,,,,,,,
6690,0065244125216,absent,,,,,,,,,,,,,,,,,,,,,,,,,,
6690,0065633158115,absent,,,,,,,,,,,,,,,,,,,,,,,,,,
6690,0065651000021,absent,,,,,,,,,,,,,,,,,,,,,,,,,,
6690,0065912000654,written,00065912000654,Rose's - Grenadine,$4.99,$6.29,$0.68/100ml,tpr,,"{""markdown"":""$4.99"",""effectiveFrom"":""2026-09-24"",""effectiveUntil"":""2026-10-14"",""effectiveFromDate"":""2026-09-24T07:00:00Z"",""effectiveUntilDate"":""2026-10-15T04:59:00Z"",""label"":null}",true,"[{""groupName"":""GST"",""amount"":""$0.25""}]",0065912000654,gtin,00065912000654,6690:00065912000654,499,promotional,629,1,68,100ml,$0.68/100ml,1,Whitehorse,Whitehorse,Yukon Territories,2026-10-01
6690,0066188040610,written,00066188040610,Kraft - Shake 'N Bake Extra Crispy Coating Mix,$5.99,,$3.94/100g,regular,,,true,[],0066188040610,gtin,00066188040610,6690:00066188040610,599,regular,,0,394,100g,$3.94/100g,1,Whitehorse,Whitehorse,Yukon Territories,2026-10-01
6690,0066613185084,absent,,,,,,,,,,,,,,,,,,,,,,,,,,
6690,0066721027566,absent,,,,,,,,,,,,,,,,,,,,,,,,,,
6690,0067123148507,absent,,,,,,,,,,,,,,,,,,,,,,,,,,
6690,0067486310245,absent,,,,,,,,,,,,,,,,,,,,,,,,,,
6690,0068062030069,written,00068062030069,Italpasta - Artisan Fusili,$3.49,,$0.78/100g,regular,,,false,[],0068062030069,gtin,00068062030069,6690:00068062030069,349,regular,,0,78,100g,$0.78/100g,0,Whitehorse,Whitehorse,Yukon Territories,2026-10-01
6622,00000264,absent,,,,,,,,,,,,,,,,,,,,,,,,,,
6622,0011233077394,absent,,,,,,,,,,,,,,,,,,,,,,,,,,
6622,0017600087126,absent,,,,,,,,,,,,,,,,,,,,,,,,,,
6622,0024182002133,absent,,,,,,,,,,,,,,,,,,,,,,,,,,
6622,0031146014330,absent,,,,,,,,,,,,,,,,,,,,,,,,,,
6622,0035751518276,absent,,,,,,,,,,,,,,,,,,,,,,,,,,
6622,0039978002273,written,00039978002273,"Bob's Red Mill - Oat Flour Whole Grain, Gluten Free",$11.29,,$2.21/100g,regular,,,true,[],0039978002273,gtin,00039978002273,6622:00039978002273,1129,regular,,0,221,100g,$2.21/100g,1,Summerside,Edmonton,Alberta,2026-10-01
6622,0041570058152,absent,,,,,,,,,,,,,,,,,,,,,,,,,,
6622,0048500020968,absent,,,,,,,,,,,,,,,,,,,,,,,,,,
6622,0055000031318,written,00055000031318,Nestle - Nesquik Chocolate Syrup - Original,$10.99,,$1.57/100ml,regular,,,true,[],0055000031318,gtin,00055000031318,6622:00055000031318,1099,regular,,0,157,100ml,$1.57/100ml,1,Summerside,Edmonton,Alberta,2026-10-01
6622,0055144424397,absent,,,,,,,,,,,,,,,,,,,,,,,,,,
6622,0055562142866,written,00055562142866,Bee Maid - Pure Creamed Honey - Unpasteurized,$16.99,,$1.70/100g,regular,,,true,[],0055562142866,gtin,00055562142866,6622:00055562142866,1699,regular,,0,170,100g,$1.70/100g,1,Summerside,Edmonton,Alberta,2026-10-01
6622,0055653172659,absent,,,,,,,,,,,,,,,,,,,,,,,,,,
6622,0055742358018,absent,,,,,,,,,,,,,,,,,,,,,,,,,,
6622,0055742525755,absent,,,,,,,,,,,,,,,,,,,,,,,,,,
6622,0055742552409,absent,,,,,,,,,,,,,,,,,,,,,,,,,,
6622,0055742562385,absent,,,,,,,,,,,,,,,,,,,,,,,,,,
6622,0055773000795,written,00055773000795,McCain - Tasti Taters,$5.49,,$0.69/100g,regular,,,true,[],0055773000795,gtin,00055773000795,6622:00055773000795,549,regular,,0,69,100g,$0.69/100g,1,Summerside,Edmonton,Alberta,2026-10-01
6622,0055900004016,absent,,,,,,,,,,,,,,,,,,,,,,,,,,
6622,0056412981260,absent,,,,,,,,,,,,,,,,,,,,,,,,,,
6622,0056725335118,absent,,,,,,,,,,,,,,,,,,,,,,,,,,
6622,0056920060761,absent,,,,,,,,,,,,,,,,,,,,,,,,,,
6622,0057174000886,absent,,,,,,,,,,,,,,,,,,,,,,,,,,
6622,0057690121522,absent,,,,,,,,,,,,,,,,,,,,,,,,,,
6622,0057961026822,written,00057961026822,SunRype - Slim Blueberry Burst,$4.99,,$0.37/100ml,regular,,,true,"[{""groupName"":""Ecology"",""amount"":""$0.07""},{""groupName"":""GST"",""amount"":""$0.25""},{""groupName"":""Deposit"",""amount"":""$0.25""}]",0057961026822,gtin,00057961026822,6622:00057961026822,499,regular,,0,37,100ml,$0.37/100ml,1,Summerside,Edmonton,Alberta,2026-10-01
6622,0058449602316,written,00058449602316,Nature's Path - Organic Multigrain Oat Bran Flakes Cereal,$11.99,,$1.32/100g,regular,,,false,[],0058449602316,gtin,00058449602316,6622:00058449602316,1199,regular,,0,132,100g,$1.32/100g,0,Summerside,Edmonton,Alberta,2026-10-01
6622,0058504321060,absent,,,,,,,,,,,,,,,,,,,,,,,,,,
6622,0058779144395,written,00058779144395,talenti - Roman Raspberry Sorbetto,$9.99,,$2.11/100ml,regular,,,true,"[{""groupName"":""GST"",""amount"":""$0.50""}]",0058779144395,gtin,00058779144395,6622:00058779144395,999,regular,,0,211,100ml,$2.11/100ml,1,Summerside,Edmonton,Alberta,2026-10-01
6622,0059119016143,absent,,,,,,,,,,,,,,,,,,,,,,,,,,
6622,0059600038081,absent,,,,,,,,,,,,,,,,,,,,,,,,,,
6622,0059749887199,absent,,,,,,,,,,,,,,,,,,,,,,,,,,
6622,0059749916332,absent,,,,,,,,,,,,,,,,,,,,,,,,,,
6622,0059749954563,absent,,,,,,,,,,,,,,,,,,,,,,,,,,
6622,0059749971744,absent,,,,,,,,,,,,,,,,,,,,,,,,,,
6622,0059749985765,absent,,,,,,,,,,,,,,,,,,,,,,,,,,
6622,0059800848565,written,00059800848565,Nestle - Chocolate,$8.49,,$2.12 each,regular,,,true,"[{""groupName"":""GST"",""amount"":""$0.42""}]",0059800848565,gtin,00059800848565,6622:00059800848565,849,regular,,0,212,each,$2.12 each,1,Summerside,Edmonton,Alberta,2026-10-01
6622,0060383003968,absent,,,,,,,,,,,,,,,,,,,,,,,,,,
6622,0060383023591,absent,,,,,,,,,,,,,,,,,,,,,,,,,,
6622,0060383043247,absent,,,,,,,,,,,,,,,,,,,,,,,,,,
6622,0060383063924,absent,,,,,,,,,,,,,,,,,,,,,,,,,,
6622,0060383130190,absent,,,,,,,,,,,,,,,,,,,,,,,,,,
6622,0060383181635,absent,,,,,,,,,,,,,,,,,,,,,,,,,,
6622,0060383214111,absent,,,,,,,,,,,,,,,,,,,,,,,,,,
6622,0060383690564,absent,,,,,,,,,,,,,,,,,,,,,,,,,,
6622,0060383845704,absent,,,,,,,,,,,,,,,,,,,,,,,,,,
6622,0060383995751,absent,,,,,,,,,,,,,,,,,,,,,,,,,,
6622,0060410046753,written,00060410046753,Miss Vickie's - Jalapeno Potato Chips,$5.49,,$2.75/100g,regular,,,true,"[{""groupName"":""GST"",""amount"":""$0.27""}]",0060410046753,gtin,00060410046753,6622:00060410046753,549,regular,,0,275,100g,$2.75/100g,1,Summerside,Edmonton,Alberta,2026-10-01
6622,0060410071021,absent,,,,,,,,,,,,,,,,,,,,,,,,,,
6622,0060736007476,absent,,,,,,,,,,,,,,,,,,,,,,,,,,
6622,0061148179027,absent,,,,,,,,,,,,,,,,,,,,,,,,,,
6622,0061483001021,absent,,,,,,,,,,,,,,,,,,,,,,,,,,
6622,0061659016460,absent,,,,,,,,,,,,,,,,,,,,,,,,,,
6622,0061998079003,absent,,,,,,,,,,,,,,,,,,,,,,,,,,
6622,0062240011505,absent,,,,,,,,,,,,,,,,,,,,,,,,,,
6622,0062639172220,written,00062639172220,Western Family - Original English Muffins,$3.79,,$0.63 each,regular,,,true,[],0062639172220,gtin,00062639172220,6622:00062639172220,379,regular,,0,63,each,$0.63 each,1,Summerside,Edmonton,Alberta,2026-10-01
6622,0062639342067,written,00062639342067,Western Family - Signature Swiss Dark Chocolate - Caramel & Sea Salt,$4.99,,$4.99/100g,regular,,,true,"[{""groupName"":""GST"",""amount"":""$0.25""}]",0062639342067,gtin,00062639342067,6622:00062639342067,499,regular,,0,499,100g,$4.99/100g,1,Summerside,Edmonton,Alberta,2026-10-01
6622,0062639369309,written,00062639369309,ONLY GOODNESS - Organic Plain Yogurt,$13.79,,$0.79/100g,regular,,,true,[],0062639369309,gtin,00062639369309,6622:00062639369309,1379,regular,,0,79,100g,$0.79/100g,1,Summerside,Edmonton,Alberta,2026-10-01
6622,0062942005161,absent,,,,,,,,,,,,,,,,,,,,,,,,,,
6622,0063209112738,written,00063209112738,Tim Hortons - Original Blend Coffee K-Cups,$27.49,$30.99,$0.92 each,tpr,,"{""markdown"":""$27.49"",""effectiveFrom"":""2026-09-10"",""effectiveUntil"":""2026-10-07"",""effectiveFromDate"":""2026-09-10T07:00:00Z"",""effectiveUntilDate"":""2026-10-08T04:59:00Z"",""label"":null}",true,[],0063209112738,gtin,00063209112738,6622:00063209112738,2749,promotional,3099,1,92,each,$0.92 each,1,Summerside,Edmonton,Alberta,2026-10-01
6622,0063348165909,written,00063348165909,Dare - Macaroon Biscuits Classic,$5.29,,$2.12/100g,regular,,,true,[],0063348165909,gtin,00063348165909,6622:00063348165909,529,regular,,0,212,100g,$2.12/100g,1,Summerside,Edmonton,Alberta,2026-10-01
6622,0063667125028,absent,,,,,,,,,,,,,,,,,,,,,,,,,,
6622,0064100108233,absent,,,,,,,,,,,,,,,,,,,,,,,,,,
6622,0064100778979,absent,,,,,,,,,,,,,,,,,,,,,,,,,,
6622,0064388102053,absent,,,,,,,,,,,,,,,,,,,,,,,,,,
6622,0064819327390,absent,,,,,,,,,,,,,,,,,,,,,,,,,,
6622,0065244125216,absent,,,,,,,,,,,,,,,,,,,,,,,,,,
6622,0065633158115,absent,,,,,,,,,,,,,,,,,,,,,,,,,,
6622,0065651000021,absent,,,,,,,,,,,,,,,,,,,,,,,,,,
6622,0065912000654,written,00065912000654,Rose's - Grenadine,$4.99,$6.29,$0.68/100ml,tpr,,"{""markdown"":""$4.99"",""effectiveFrom"":""2026-09-24"",""effectiveUntil"":""2026-10-14"",""effectiveFromDate"":""2026-09-24T07:00:00Z"",""effectiveUntilDate"":""2026-10-15T04:59:00Z"",""label"":null}",true,"[{""groupName"":""GST"",""amount"":""$0.25""}]",0065912000654,gtin,00065912000654,6622:00065912000654,499,promotional,629,1,68,100ml,$0.68/100ml,1,Summerside,Edmonton,Alberta,2026-10-01
6622,0066188040610,written,00066188040610,Kraft - Shake 'N Bake Extra Crispy Coating Mix,$5.99,,$3.94/100g,regular,,,true,[],0066188040610,gtin,00066188040610,6622:00066188040610,599,regular,,0,394,100g,$3.94/100g,1,Summerside,Edmonton,Alberta,2026-10-01
6622,0066613185084,absent,,,,,,,,,,,,,,,,,,,,,,,,,,
6622,0066721027566,absent,,,,,,,,,,,,,,,,,,,,,,,,,,
6622,0067123148507,absent,,,,,,,,,,,,,,,,,,,,,,,,,,
6622,0067486310245,absent,,,,,,,,,,,,,,,,,,,,,,,,,,
6622,0068062030069,written,00068062030069,Italpasta - Artisan Fusili,$3.49,,$0.78/100g,regular,,,false,[],0068062030069,gtin,00068062030069,6622:00068062030069,349,regular,,0,78,100g,$0.78/100g,0,Summerside,Edmonton,Alberta,2026-10-01
